object,label,type,solids,faces,edges,xmin_mm,ymin_mm,zmin_mm,xmax_mm,ymax_mm,zmax_mm,xlen_mm,ylen_mm,zlen_mm
Part__Feature,全倾转无人机总体装配模型,Part::Feature,0,2,153,-510.9831904327235,100.916018368002,430.0967114798527,558.549090393793,257.65457287911175,443.09671147985284,1069.5322808265164,156.73855451110975,13.00000000000017
Part__Feature001,全倾转无人机总体装配模型001,Part::Feature,0,2,153,-510.98319043272346,100.91601836800211,681.0967114798528,558.549090393793,257.6545728791118,694.0967114798528,1069.5322808265164,156.7385545111097,13.0
Part__Feature002,全倾转无人机总体装配模型002,Part::Feature,0,1,5,-264.613445453073,193.5783543114947,323.37332574136286,-242.2232865266961,203.06376039352128,330.12875282723854,22.39015892637687,9.485406082026572,6.755427085875681
Part__Feature003,全倾转无人机总体装配模型003,Part::Feature,0,2,18,-328.79482367243065,183.8052751914589,281.3275033504111,-264.613445453073,213.23433075142145,342.98028326761477,64.18137821935767,29.429055559962563,61.652779917203645
Part__Feature004,全倾转无人机总体装配模型004,Part::Feature,0,2,7,-295.88905242292924,160.98578098245326,274.3920781151086,-269.3849785043823,206.0272420197931,311.54752268134285,26.504073918546965,45.04146103733984,37.15544456623428
Part__Feature005,全倾转无人机总体装配模型005,Part::Feature,0,7,40,-485.6222040046543,173.04028163050975,-627.9032885200983,-186.3457447991232,234.89709643864856,404.09671147991503,299.27645920553107,61.85681480813881,1032.0000000000132
Part__Feature006,全倾转无人机总体装配模型006,Part::Feature,0,3,8,-303.6981884851321,160.98578098275652,811.6459002763218,-269.3849785128916,207.566865654262,849.801344842542,34.313209972240486,46.581084671505465,38.15544456622024
Part__Feature007,全倾转无人机总体装配模型007,Part::Feature,0,2,18,-328.79482368094006,183.8052751917903,781.2131396900422,-264.49448443182155,213.44546271326743,842.9598952702272,64.30033924911851,29.640187521477145,61.74675558018498
Part__Feature008,全倾转无人机总体装配模型008,Part::Feature,0,7,41,-485.62220401316483,173.04028163086653,720.0967114777544,-186.34574480763362,234.89709643900488,1752.0967114777704,299.2764592055312,61.85681480813835,1032.000000000016
Part__Feature009,全倾转无人机总体装配模型009,Part::Feature,0,2,7,563.2631302247962,95.40996489338521,690.0967114777096,619.1373254243648,120.54889561761246,718.277069307508,55.87419519956859,25.13893072422725,28.180357829798368
Part__Feature010,全倾转无人机总体装配模型010,Part::Feature,0,117,516,-650.7214541289185,-3.8402988940374527,404.067852367364,626.5575743231276,281.3386737424246,720.1255705888052,1277.279028452046,285.17897263646205,316.0577182214412
Part__Feature011,全倾转无人机总体装配模型011,Part::Feature,0,1,4,563.2631302247962,95.40996489338521,409.0967114777097,609.1749165478369,114.81546645039326,434.0967114777098,45.9117863230407,19.40550155700805,25.000000000000114
Part__Feature012,全倾转无人机总体装配模型012,Part::Feature,0,4,17,-290.69062006779643,158.67187379075745,271.6820502950604,-266.8838104881667,178.07289471117656,293.8852611327099,23.806809579629714,19.401020920419114,22.20321083764952
Part__Feature013,全倾转无人机总体装配模型013,Part::Feature,0,1,22,-467.71521188411685,7.738196962579434,620.5967114777097,-302.937343913002,78.64635855100211,620.5967114777097,164.77786797111486,70.90816158842267,0.0
Part__Feature014,全倾转无人机总体装配模型014,Part::Feature,0,2,13,-291.51605839584835,159.09854744922157,831.3460371121437,-266.17937934369763,174.8017788701435,852.5410539387808,25.336679052150714,15.703231420921924,21.19501682663713
Part__Feature015,全倾转无人机总体装配模型015,Part::Feature,0,38,188,73.8062665252501,-76.59318515026007,399.09671147772264,620.575165346541,117.49172949207114,725.0967114777518,546.7688988212909,194.08491464233123,326.00000000002916
Part__Feature016,全倾转无人机总体装配模型016,Part::Feature,0,78,354,-582.3059701222631,-75.43119466011127,399.0967114777358,73.41761647981048,97.29913300497074,725.096711477765,655.7235866020736,172.73032766508203,326.00000000002916
Part__Feature017,全倾转无人机总体装配模型017,Part::Feature,0,18,78,435.8068580817219,335.2727490256597,438.8892800096522,615.0552569681646,365.7696675380289,683.278926829372,179.24839888644271,30.496918512369177,244.38964681971981
Part__Feature018,全倾转无人机总体装配模型018,Part::Feature,0,16,66,435.8068580817233,331.5719481384341,683.2989268293662,658.5991640692702,365.76966753802793,907.3467114671079,222.79230598754685,34.197719399593836,224.04778463774164
Part__Feature019,全倾转无人机总体装配模型019,Part::Feature,0,17,67,435.8068580817206,331.5719481384348,217.34671146710323,658.5991640692671,365.7696675380299,443.23800131293115,222.7923059875465,34.197719399595144,225.8912898458279
Part__Feature020,全倾转无人机总体装配模型020,Part::Feature,0,1,16,482.0477713226539,332.25278621502775,676.0984561688181,605.3250621050706,357.5423348743951,690.094966760673,123.27729078241674,25.28954865936737,13.996510591854872
Part__Feature021,全倾转无人机总体装配模型021,Part::Feature,0,5,25,411.47165137546233,126.12491777818468,674.2499922995621,638.289958150438,439.2117288621311,691.9434306299294,226.81830677497567,313.08681108394643,17.693438330367258
Part__Feature022,全倾转无人机总体装配模型022,Part::Feature,0,1,4,581.1515955758117,125.88552661563719,678.8301392375223,587.908997954308,146.2486897029064,687.3632836919672,6.757402378496295,20.363163087269214,8.533144454444937
Part__Feature023,全倾转无人机总体装配模型023,Part::Feature,0,1,4,513.0915000831006,131.90177681903728,446.0489472139854,589.1114551236258,342.1164502703258,448.7108057077557,76.01995504052513,210.21467345128852,2.6618584937702963
Part__Feature024,全倾转无人机总体装配模型024,Part::Feature,0,1,16,482.047771422824,332.2527861945179,434.5984561790253,605.3250622052408,357.5423348538857,448.5949667708802,123.2772907824168,25.289548659367767,13.996510591854928
Part__Feature025,全倾转无人机总体装配模型025,Part::Feature,0,2,16,411.4716514756325,126.12491775767532,432.74999230976925,638.2899582506082,439.2117288416217,450.44343064013657,226.81830677497567,313.0868110839464,17.693438330367314
Part__Feature026,全倾转无人机总体装配模型026,Part::Feature,0,2,7,607.7015398948059,314.0049280889193,437.4039432263428,614.1548894885666,331.41444414267045,445.7894797235616,6.453349593760663,17.409516053751133,8.385536497218823
Part__Feature027,全倾转无人机总体装配模型027,Part::Feature,0,1,4,581.151595675982,125.8855265951278,437.3301392477298,587.9089980544783,146.2486896823969,445.8632837021746,6.757402378496295,20.3631630872691,8.533144454444823
Part__Feature028,全倾转无人机总体装配模型028,Part::Feature,0,7,29,523.8825692571725,34.096104880334096,679.0515292474989,611.5405548427628,320.57443394550296,695.893438469573,87.65798558559038,286.47832906516885,16.841909222074037
Part__Feature029,全倾转无人机总体装配模型029,Part::Feature,0,8,32,523.6169436715414,34.096104953538095,430.7607317036892,611.5405542118561,320.5744340226909,454.3934389833066,87.92361054031471,286.47832906915284,23.63270727961742
Part__Feature030,全倾转无人机总体装配模型030,Part::Feature,0,10,38,609.0351603142689,328.14356226436416,439.0967114564004,657.9912061400024,341.3842511578209,685.5967114564021,48.956045825733554,13.240688893456763,246.5000000000017
Part__Feature031,全倾转无人机总体装配模型031,Part::Feature,0,11,41,609.0351603142813,328.14356226442703,237.54671145640043,657.9912061400124,341.384251157872,437.0967114564486,48.95604582573117,13.24068889344494,199.55000000004816
Part__Feature032,全倾转无人机总体装配模型032,Part::Feature,0,11,41,609.035160314259,328.1435622643132,687.5967114564002,657.9912061399901,341.3842511577581,887.1467114564022,48.95604582573117,13.24068889344494,199.550000000002
Part__Feature033,全倾转无人机总体装配模型033,Part::Feature,0,5,29,580.9496972218354,328.1435622643657,685.5967114564004,657.9912061399892,347.4191604176548,687.5967114564022,77.0415089181538,19.27559815328908,2.000000000001819
Part__Feature034,全倾转无人机总体装配模型034,Part::Feature,0,5,29,580.9496972218465,328.1435622644291,437.0967114564003,657.99120614,347.41916041771873,439.09671145640203,77.04150891815357,19.27559815328965,2.0000000000017053
Part__Feature035,全倾转无人机总体装配模型035,Part::Feature,0,3,16,448.95230453049004,75.43155383090067,683.5967114701956,588.9496946421741,349.41916468955867,685.5967114702696,139.99739011168407,273.987610858658,2.00000000007401
Part__Feature036,全倾转无人机总体装配模型036,Part::Feature,0,2,7,579.4582713979203,342.2220945403359,439.09671147026796,588.9496946421859,349.41916468961966,441.0967114702696,9.491423244265661,7.197070149283775,2.0000000000016485
Part__Feature037,全倾转无人机总体装配模型037,Part::Feature,0,4,15,-419.97768635035675,120.0134152671927,724.4017276361022,-409.97768635035675,130.0134152671927,730.4017276361022,10.0,10.0,6.0
Part__Feature038,全倾转无人机总体装配模型038,Part::Feature,0,1,4,-420.97768635035675,119.0134152671927,724.4017276361022,-408.97768635035675,131.0134152671927,724.4017276361022,12.0,12.0,0.0
Part__Feature039,全倾转无人机总体装配模型039,Part::Feature,0,3,12,-384.3280358756569,115.00318363265389,724.4017276363505,-374.3280358756569,125.00318363265389,730.4017276363505,10.0,10.0,6.0
Part__Feature040,全倾转无人机总体装配模型040,Part::Feature,0,2,6,-385.3280358756569,114.00318363265387,723.4017276363505,-373.3280358756569,126.0031836326539,724.4017276363505,12.0,12.000000000000028,1.0
Part__Feature041,全倾转无人机总体装配模型041,Part::Feature,0,4,15,-419.97768633935283,120.0134152675413,394.401727642153,-409.97768633935283,130.0134152675413,400.401727642153,10.0,9.999999999999986,6.0
Part__Feature042,全倾转无人机总体装配模型042,Part::Feature,0,3,8,-420.97768633935283,119.01341526754129,400.401727642153,-408.97768633935283,131.01341526754132,401.401727642153,12.0,12.000000000000028,1.0
Part__Feature043,全倾转无人机总体装配模型043,Part::Feature,0,3,12,-384.3280358646528,115.00318363300441,394.40172764215293,-374.3280358646528,125.00318363300441,400.40172764215293,10.0,10.0,6.0
Part__Feature044,全倾转无人机总体装配模型044,Part::Feature,0,2,6,-385.3280358646528,114.0031836330044,400.40172764215293,-373.3280358646528,126.00318363300443,401.40172764215293,12.0,12.000000000000028,1.0
Part__Feature045,全倾转无人机总体装配模型045,Part::Feature,0,2,6,583.7366412906108,347.20941381248514,436.10172764215304,586.7366412906108,350.209413812485,441.2017276421531,3.0,2.9999999999998863,5.10000000000008
Part__Feature046,全倾转无人机总体装配模型046,Part::Feature,0,3,6,583.7366412906108,347.20941381248497,684.1017276421532,586.7366412906108,350.20941381248497,689.2017276421532,3.0,3.0,5.100000000000023
Part__Feature047,全倾转无人机总体装配模型047,Part::Feature,0,2,6,-580.978595976354,2.3970206007667167,420.09671147770956,-574.978595976354,8.397020600766659,424.09671147770956,6.0,5.999999999999942,4.0
Part__Feature048,全倾转无人机总体装配模型048,Part::Feature,0,2,6,-580.9785959763541,2.3970206007669663,700.0967114758051,-574.9785959763541,8.39702060076691,704.0967114758051,6.0,5.999999999999943,4.0
Part__Feature049,全倾转无人机总体装配模型049,Part::Feature,0,6,14,-461.3788883167431,211.0063449524176,808.888569781381,-452.30108589578424,220.0841473733764,878.8885697813811,9.077802420958847,9.07780242095879,70.00000000000011
Part__Feature050,全倾转无人机总体装配模型050,Part::Feature,0,6,14,-461.3788883112885,211.00634494314778,245.9148854957219,-452.3010858903287,220.08414736410865,315.9148854957222,9.077802420959813,9.077802420960865,70.00000000000031
Part__Feature051,全倾转无人机总体装配模型051,Part::Feature,0,34,123,-452.6841278135422,110.6257239988672,720.0967114777199,-265.8115923516793,202.08856677927787,861.1588380375825,186.87253546186292,91.46284278041067,141.0621265598627
Part__Feature052,全倾转无人机总体装配模型052,Part::Feature,0,23,110,-471.69300191900334,110.62572397244791,271.66966448904344,-265.81159235396683,204.50087894294126,404.401727642153,205.8814095650365,93.87515497049334,132.73206315310955
Part__Feature053,全倾转无人机总体装配模型053,Part::Feature,0,29,80,-504.9236774125719,-21.48996923860305,433.0938234017697,-450.1291014757279,22.28613045799911,691.0995922369516,54.79457593684401,43.77609969660216,258.00576883518187
Part__Feature054,全倾转无人机总体装配模型054,Part::Feature,0,29,80,198.44377641459076,-22.651851782028263,433.26544000608874,253.21780305923576,21.1241752135552,691.2654400060934,54.774026644645005,43.776026995583464,258.00000000000466
Part__Feature055,全倾转无人机总体装配模型055,Part::Feature,0,1,32,-395.9368597748543,5.229601214063955,501.59671147770854,158.49109846567092,25.092827854269547,501.5967114777191,554.4279582405252,19.863226640205593,1.057287590811029e-11
Part__Feature056,全倾转无人机总体装配模型056,Part::Feature,0,2,6,-385.24077467661493,258.22195100617824,468.99671147770977,-380.66026651720824,261.7833440058685,473.1967114777097,4.5805081594066905,3.56139299969027,4.199999999999932
Part__Feature057,全倾转无人机总体装配模型057,Part::Feature,0,2,6,-385.24077467661493,258.2219510061782,650.9967114777097,-380.66026651720824,261.7833440058685,655.1967114777098,4.5805081594066905,3.5613929996903266,4.2000000000000455
Part__Feature058,全倾转无人机总体装配模型058,Part::Feature,0,43,128,-394.33828932649186,185.58025214421465,434.0967114777096,140.2839150758304,265.1571332574451,690.0967114777097,534.6222044023223,79.57688111323043,256.0000000000001
Part__Feature059,全倾转无人机总体装配模型059,Part::Feature,0,3,12,-379.21110982265384,-6.930255446027055,628.651727642123,-370.7046356070309,-2.916479254306035,637.1517276421233,8.506474215622916,4.0137761917210195,8.500000000000341
Part__Feature060,全倾转无人机总体装配模型060,Part::Feature,0,6,77,93.99515431034064,139.43564758445254,377.0967114810292,123.70319637259082,163.41620198806635,747.0967114810292,29.708042062250186,23.98055440361381,369.99999999999994
Part__Feature061,全倾转无人机总体装配模型061,Part::Feature,0,13,53,-215.61141990424417,35.95651885647339,229.76294942049404,654.0632953770539,361.2564889856288,326.47436108614187,869.6747152812981,325.2999701291554,96.71141166564783
Part__Feature062,全倾转无人机总体装配模型062,Part::Feature,0,3,12,-212.78164981301322,49.92081764200251,229.76294942049404,654.0632953770539,361.2564889856288,325.3412374663158,866.8449451900672,311.33567134362625,95.57828804582178
Part__Feature063,全倾转无人机总体装配模型063,Part::Feature,0,17,63,-212.78164981301322,35.74934132598526,229.76294942049404,661.785705224852,361.2564889856288,325.3412374663158,874.5673550378652,325.5071476596435,95.57828804582178
Part__Feature064,全倾转无人机总体装配模型064,Part::Feature,0,13,54,-398.55567279788806,38.16679465401879,294.5784934074627,632.7451794946048,198.2829568878233,328.0195011173612,1031.300852292493,160.11616223380452,33.441007709898486
Part__Feature065,全倾转无人机总体装配模型065,Part::Feature,0,15,53,-398.55567279788806,38.16679465401879,295.7994196176493,631.1993212304191,181.95308535523156,328.0195011173612,1029.754994028307,143.78629070121278,32.22008149971191
Part__Feature066,全倾转无人机总体装配模型066,Part::Feature,0,3,6,-226.31993840413875,127.23342077853899,237.32119849547556,-209.57598648579187,144.98598119771728,255.9496289245105,16.74395191834688,17.752560419178295,18.62843042903495
Part__Feature067,全倾转无人机总体装配模型067,Part::Feature,0,2,11,-244.86163688144,139.3696265209372,233.46417172550164,-202.89039071985087,153.93765661720278,253.42432879906883,41.971246161589136,14.568030096265574,19.96015707356719
Part__Feature068,全倾转无人机总体装配模型068,Part::Feature,0,12,36,-449.5559534658293,520.0045700468625,13.242217264176459,144.9378872888165,665.3159778239852,167.93718795060082,594.4938407546458,145.31140777712278,154.69497068642437
Part__Feature069,全倾转无人机总体装配模型069,Part::Feature,0,8,18,-202.10337121109637,545.7012707599555,56.43549316294637,-111.53551827406862,602.6475858841903,147.2359457285025,90.56785293702775,56.94631512423484,90.80045256555611
Part__Feature070,全倾转无人机总体装配模型070,Part::Feature,0,3,10,-220.47119976310918,283.2173753160213,84.55745704449028,-139.26559229549787,544.16441037607,215.5439475693628,81.20560746761132,260.94703506004873,130.98649052487252
Part__Feature071,全倾转无人机总体装配模型071,Part::Feature,0,27,166,-266.3921792127555,80.11009530716912,75.57929158163074,-126.12819805353203,574.2605216141385,326.47223339207875,140.26398115922345,494.1504263069694,250.892941810448
Part__Feature072,全倾转无人机总体装配模型072,Part::Feature,0,1,8,-200.3490417103863,551.1756735449848,133.26682718012478,-199.43983469442225,557.1071863721219,139.26603530983897,0.9092070159640571,5.931512827137112,5.999208129714191
Part__Feature073,全倾转无人机总体装配模型073,Part::Feature,0,1,8,-268.5272792907241,121.60926808976349,297.7339400772611,-267.61807227476004,127.54078091690066,303.73314820697533,0.9092070159640571,5.931512827137169,5.999208129714248
Part__Feature074,全倾转无人机总体装配模型074,Part::Feature,0,65,330,-274.92899170859545,76.44888626186348,58.53545680098188,-115.27886765422191,576.5342478461608,324.8031484215923,159.65012405437352,500.08536158429735,266.26769162061044
Part__Feature075,全倾转无人机总体装配模型075,Part::Feature,0,1,8,-125.16376337060107,521.8245940522037,87.77300283464389,-124.25455635463705,527.7561068793408,93.77221096435808,0.9092070159640286,5.931512827137112,5.999208129714191
Part__Feature076,全倾转无人机总体装配模型076,Part::Feature,0,1,4,-195.01570420045806,94.3937297330868,256.6939435214544,-192.77742716171235,96.40707310226568,256.7522738548958,2.238277038745707,2.013343369178884,0.058330333441404036
Part__Feature077,全倾转无人机总体装配模型077,Part::Feature,0,8,18,448.1976671724989,442.19669644432935,83.8164774623032,538.7785501746594,497.00140358523385,174.85576718964353,90.58088300216048,54.8047071409045,91.03928972734033
Part__Feature078,全倾转无人机总体装配模型078,Part::Feature,0,12,36,205.9170059782317,413.50882208916045,38.22893471053717,791.5575043326371,570.3299062320779,224.0423324441126,585.6404983544054,156.8210841429174,185.8133977335754
Part__Feature079,全倾转无人机总体装配模型079,Part::Feature,0,12,1088,413.48142881060636,77.25750541641438,209.93801756415672,467.87784912772014,160.41361847419367,255.28640750216246,54.39642031711378,83.1561130577793,45.34838993800574
Part__Feature080,全倾转无人机总体装配模型080,Part::Feature,0,1,4,412.53733591050513,85.70543346113391,211.17473443081877,423.84737745021124,159.4468731149672,253.31048807451222,11.310041539706106,73.74143965383328,42.13575364369345
Part__Feature081,全倾转无人机总体装配模型081,Part::Feature,0,1,4,431.2155558821675,86.51738460394093,226.16587167289816,432.5702387248432,88.63298168717643,230.24227816521338,1.354682842675686,2.1155970832354996,4.076406492315215
Part__Feature082,全倾转无人机总体装配模型082,Part::Feature,0,1,4,423.01219390020805,173.13729624650048,112.11630057350135,513.0839307936452,437.80219491369667,201.56191429186424,90.07173689343716,264.6648986671962,89.44561371836289
Part__Feature083,全倾转无人机总体装配模型083,Part::Feature,0,1,4,424.68058894158025,189.1864157920518,159.4411589441138,514.7523258350174,453.851314459248,248.8867726624767,90.0717368934371,264.6648986671962,89.44561371836289
Part__Feature084,全倾转无人机总体装配模型084,Part::Feature,0,18,139,398.63944681806305,67.2701885246611,104.8308005737501,524.416362389953,467.558303466201,315.00582457470335,125.7769155718899,400.2881149415399,210.17502400095327
Part__Feature085,全倾转无人机总体装配模型085,Part::Feature,0,2,8,432.3472534634501,276.31908001208393,180.71371514476402,468.2261816302804,429.1813211104299,235.79264675028628,35.87892816683029,152.86224109834598,55.07893160552226
Part__Feature086,全倾转无人机总体装配模型086,Part::Feature,0,1,4,479.792947962907,270.0095244190024,233.31632128971142,492.4631262853482,281.08773591521356,236.5724648366035,12.670178322441188,11.078211496211168,3.2561435468920763
Part__Feature087,全倾转无人机总体装配模型087,Part::Feature,0,59,280,390.0117155549328,63.443010169705495,85.61440146695736,535.2730735730959,473.0493370413666,305.1361129471628,145.2613580181631,409.6063268716611,219.52171148020545
Part__Feature088,全倾转无人机总体装配模型088,Part::Feature,0,1,8,394.2818881965561,107.46696849102584,280.14701547389814,395.19109521252017,113.39848131816304,286.1462236036124,0.9092070159640571,5.9315128271371975,5.999208129714248
Part__Feature089,全倾转无人机总体装配模型089,Part::Feature,0,1,4,392.8418965823353,92.70948055483005,236.8533844118189,395.04718815687903,94.58348139273812,237.57473165736016,2.2052915745437076,1.8740008379080706,0.7213472455412671
Part__Feature090,全倾转无人机总体装配模型090,Part::Feature,0,1,8,446.5659860156335,432.7019325565671,115.18159102219272,447.47519303159754,438.6334453837042,121.18079915190688,0.9092070159640571,5.931512827137112,5.999208129714162
Part__Feature091,全倾转无人机总体装配模型091,Part::Feature,0,2,6,448.23438105700546,448.1484077140688,162.5064493928051,453.0973959479243,454.6825649292555,168.57064236304575,4.863014890918862,6.534157215186667,6.06419297024064
Part__Feature092,全倾转无人机总体装配模型092,Part::Feature,0,2,7,471.89303013433397,80.34635500379478,236.79856248631836,474.1809601356337,82.89936597011008,238.78890077905575,2.287930001299742,2.5530109663152984,1.9903382927373912
Part__Feature093,全倾转无人机总体装配模型093,Part::Feature,0,1,8,527.6190474522026,420.3477226015515,116.5137802529844,528.5282544681667,426.2792354286886,122.5129883826986,0.9092070159640571,5.931512827137112,5.999208129714191
Part__Feature094,全倾转无人机总体装配模型094,Part::Feature,0,3,12,525.3336346186231,436.3968421471022,163.77365378307064,530.196649509542,442.93099936228884,169.83784675331128,4.863014890918862,6.534157215186667,6.06419297024064
Part__Feature095,全倾转无人机总体装配模型095,Part::Feature,0,2,11,-220.4837189516923,94.11508143160921,229.59345650980273,-176.1818995756314,362.2577303544928,326.42562245574925,44.301819376060905,268.1426489228836,96.83216594594651
Part__Feature096,全倾转无人机总体装配模型096,Part::Feature,0,6,31,-337.0799106366686,164.77878640269174,275.7270146059329,-269.50265770256095,223.4588394965704,319.59689790249837,67.57725293410766,58.680053093878655,43.86988329656549
Part__Feature097,全倾转无人机总体装配模型097,Part::Feature,0,23,103,-399.30124113023857,36.52675212453588,226.4403923657102,653.647312936106,389.430282465296,328.5364031277638,1052.9485540663445,352.9035303407601,102.09601076205357
Part__Feature098,全倾转无人机总体装配模型098,Part::Feature,0,1,3,-283.45139952215624,206.89230078850568,295.78932504447016,-269.57258984998094,234.32545149665353,324.8567711984289,13.878809672175294,27.43315070814785,29.067446153958713
Part__Feature099,全倾转无人机总体装配模型099,Part::Feature,0,1,22,-260.20586819743096,148.27949807489654,209.26792376289603,-227.94704728970015,354.93807227925134,315.59078193908084,32.25882090773081,206.6585742043548,106.32285817618481
Part__Feature100,全倾转无人机总体装配模型100,Part::Feature,0,7,38,292.9633122649742,149.13845411985753,261.7837658561856,298.6413320484937,174.01361172940972,295.57099787873756,5.678019783519517,24.87515760955219,33.78723202255196
Part__Feature101,全倾转无人机总体装配模型101,Part::Feature,0,1,14,300.3000212922016,149.17184293988737,262.692816522024,300.66533012936526,151.5441491907213,265.0925482790636,0.3653088371636386,2.3723062508339297,2.3997317570396035
Part__Feature102,全倾转无人机总体装配模型102,Part::Feature,0,1,2,283.03304605498704,91.98205561555447,289.58893690620715,283.41357609369925,94.45320796017312,292.0886574864567,0.3805300387122088,2.4711523446186447,2.4997205802495728
Part__Feature103,全倾转无人机总体装配模型103,Part::Feature,0,4,19,285.7317186230282,89.3433930580236,260.81826422468356,298.9626160271451,154.08075880909487,293.9281660681042,13.230897404116888,64.73736575107128,33.10990184342063
Part__Feature104,全倾转无人机总体装配模型104,Part::Feature,0,9,56,277.95187926495566,61.194129013993006,287.63609110292316,289.77001766481584,118.4523066196006,319.58293801353193,11.818138399860175,57.2581776056076,31.94684691060877
Part__Feature105,全倾转无人机总体装配模型105,Part::Feature,0,9,46,-398.7568078926232,37.80483321555894,804.5852901693829,632.7146230337614,197.10114468724845,827.3881349487762,1031.4714309263845,159.2963114716895,22.80284477939324
Part__Feature106,全倾转无人机总体装配模型106,Part::Feature,0,17,59,-398.7568078926232,37.80483321555894,804.5852901693829,631.3308403959933,182.3245064606063,826.1286786829669,1030.0876482886165,144.51967324504736,21.543388513583977
Part__Feature107,全倾转无人机总体装配模型107,Part::Feature,0,8,18,448.0786705385495,441.0520088539624,952.7130545335049,538.6595535405911,495.8567159968268,1043.7523442606466,90.58088300204162,54.8047071428644,91.03928972714175
Part__Feature108,全倾转无人机总体装配模型108,Part::Feature,0,12,36,201.23866357505514,444.62434667265137,924.1000274796025,794.893725713266,561.7507053290819,1084.3316406562078,593.6550621382108,117.12635865643057,160.23161317660526
Part__Feature109,全倾转无人机总体装配模型109,Part::Feature,0,13,1088,409.46840316553215,72.18116762713977,870.8458645801625,464.8308987186478,155.33728068496873,916.194254518432,55.36249555311565,83.15611305782896,45.34838993826952
Part__Feature110,全倾转无人机总体装配模型110,Part::Feature,0,1,4,422.23789366016933,82.34501339677074,895.9874711764124,423.5925765026456,84.46061047989838,900.0638776687532,1.3546828424762793,2.115597083127639,4.076406492340766
Part__Feature111,全倾转无人机总体装配模型111,Part::Feature,0,20,205,398.52045018723413,66.12550093837295,810.2111096577688,524.297365757869,466.4136158780507,1022.7380211471018,125.77691557063486,400.2881149396777,212.52691148933297
Part__Feature112,全倾转无人机总体装配模型112,Part::Feature,0,1,12,433.22094708164,269.0562680388076,890.8923821879365,520.4770294864298,467.09490105372527,957.08644021669,87.25608240478982,198.03863301491765,66.19405802875349
Part__Feature113,全倾转无人机总体装配模型113,Part::Feature,0,1,4,422.6744049289808,166.75963525541437,924.2245534815055,512.7461418194022,431.42453392021315,1013.6701672066672,90.07173689042139,264.6648986647988,89.4456137251617
Part__Feature114,全倾转无人机总体装配模型114,Part::Feature,0,1,4,424.3427999729198,182.8087548022527,876.8996951114201,514.4145368633411,447.47365346705146,966.3453088365817,90.07173689042133,264.6648986647988,89.44561372516159
Part__Feature115,全倾转无人机总体装配模型115,Part::Feature,0,55,270,389.8927189242599,62.29832258299931,822.4327087632867,535.1540769401679,471.90464945323083,1041.9544202542706,145.261358015908,409.6063268702315,219.521711490984
Part__Feature116,全倾转无人机总体装配模型116,Part::Feature,0,1,8,473.5475579609414,77.91895140415076,887.4152672476206,474.4567649769092,83.8504642312827,893.4144753773395,0.9092070159678087,5.9315128271319395,5.999208129718909
Part__Feature117,全倾转无人机总体装配模型117,Part::Feature,0,1,8,527.5000508173943,419.2030350116804,1005.0558333408829,528.409257833362,425.1345478388123,1011.0550414706019,0.909207015967695,5.931512827131883,5.999208129718909
Part__Feature118,全倾转无人机总体装配模型118,Part::Feature,0,1,8,529.1684458613335,435.25215455851884,957.7309749707977,530.0776528773011,441.1836673856507,963.7301831005163,0.909207015967695,5.931512827131883,5.9992081297186814
Part__Feature119,全倾转无人机总体装配模型119,Part::Feature,0,1,4,394.38247563583957,107.54520305591258,842.6595627628126,396.5780845717079,109.36756872709597,843.4911764906101,2.1956089358683357,1.822365671183391,0.8316137277975031
Part__Feature120,全倾转无人机总体装配模型120,Part::Feature,0,2,6,448.11538442476893,447.0037201259329,958.998179357367,452.97839931569115,453.5378773411374,965.0623723274228,4.863014890922216,6.534157215204516,6.064192970055842
Part__Feature121,全倾转无人机总体装配模型121,Part::Feature,0,16,69,-212.7816498127474,35.80585775181141,798.8521854959286,661.7857052220864,361.25648898079686,894.4304735503686,874.5673550348338,325.45063122898546,95.57828805444001
Part__Feature122,全倾转无人机总体装配模型122,Part::Feature,0,2,6,-212.7816498127474,49.920817634374394,798.8521854959286,654.063295374083,361.25648898079686,894.4304735503686,866.8449451868305,311.3356713464225,95.57828805444001
Part__Feature123,全倾转无人机总体装配模型123,Part::Feature,0,11,44,-215.61141990413935,35.956518848829525,797.7190618754662,654.063295374083,361.25648898079686,894.4304735503686,869.6747152782224,325.2999701319673,96.71141167490237
Part__Feature124,全倾转无人机总体装配模型124,Part::Feature,0,7,43,292.51532973889067,151.01059150973495,830.0809437266898,302.68601403881564,176.240457693099,863.9451503691006,10.170684299924972,25.229866183364038,33.86420664241075
Part__Feature125,全倾转无人机总体装配模型125,Part::Feature,0,10,59,277.8913531947991,60.62919299284386,808.710452682868,289.80249448869654,118.70980151835668,838.0796950102184,11.911141293897458,58.08060852551282,29.369242327350435
Part__Feature126,全倾转无人机总体装配模型126,Part::Feature,0,4,19,280.0591308641314,92.01405640417302,831.8804610111827,293.2730022521977,156.75202267987865,864.9937570209659,13.213871388066309,64.73796627570563,33.1132960097832
Part__Feature127,全倾转无人机总体装配模型127,Part::Feature,0,2,6,288.36383147018955,151.80909532393144,859.9944169128731,290.15611184332107,155.94423052510783,864.0133844514535,1.7922803731315184,4.135135201176382,4.018967538580341
Part__Feature128,全倾转无人机总体装配模型128,Part::Feature,0,2,11,-220.48371895147977,94.11508142955414,797.7678005057237,-176.18189957850086,362.2577303496857,894.5999664608366,44.30181937297891,268.14264892013153,96.83216595511294
Part__Feature129,全倾转无人机总体装配模型129,Part::Feature,0,1,4,-220.55369123031684,93.44173056180843,799.7525718677739,-216.5288732624645,106.63754497413275,804.7071591538148,4.024817967852357,13.195814412324324,4.954587286040919
Part__Feature130,全倾转无人机总体装配模型130,Part::Feature,0,6,31,-337.07991063738564,164.77878640015564,804.5965250560882,-269.5026577023798,223.4588394936008,848.466408354437,67.57725293500584,58.68005309344517,43.86988329834878
Part__Feature131,全倾转无人机总体装配模型131,Part::Feature,0,25,157,-399.30124112994616,36.526752116888495,795.657019824638,653.6473129331292,389.4302824615131,897.7530305964692,1052.9485540630753,352.90353034462464,102.09601077183117
Part__Feature132,全倾转无人机总体装配模型132,Part::Feature,0,1,5,-288.9545175851538,184.71101817785905,814.8585962765594,-271.14235847155146,206.42473785014158,835.6863400988568,17.81215911360232,21.713719672282537,20.827743822297407
Part__Feature133,全倾转无人机总体装配模型133,Part::Feature,0,3,6,-228.8186608170378,117.16097401406577,866.8357542960329,-212.07456233456523,134.9106314220949,885.4617469980936,16.744098482472566,17.749657408029123,18.625992702060785
Part__Feature134,全倾转无人机总体装配模型134,Part::Feature,0,1,2,-243.6454403481166,119.42089046933772,867.0794474472963,-228.80757692394144,125.15953839477613,881.1117576274977,14.837863424175168,5.738647925438414,14.03231018020142
Part__Feature135,全倾转无人机总体装配模型135,Part::Feature,0,1,6,-244.70566958534465,128.37212705858545,870.0018364847456,-209.10809803903982,137.97040431543778,887.1330404825034,35.597571546304835,9.598277256852327,17.13120399775778
Part__Feature136,全倾转无人机总体装配模型136,Part::Feature,0,1,16,-247.26286278390214,137.59681983832365,869.3545882205581,-193.68595839400592,212.24402364202638,896.1782068412983,53.576904389896214,74.64720380370272,26.823618620740262
Part__Feature137,全倾转无人机总体装配模型137,Part::Feature,0,1,8,-247.35963550754053,129.30020116777646,869.9369475642966,-205.57433132070668,142.58587304436548,889.3180905668876,41.785304186833855,13.28567187658902,19.38114300259099
Part__Feature138,全倾转无人机总体装配模型138,Part::Feature,0,12,36,-449.68809889185525,542.0771054137585,939.1053717237018,145.5829778069672,664.0353963751529,1113.8646862092655,595.2710766988224,121.95829096139437,174.75931448556378
Part__Feature139,全倾转无人机总体装配模型139,Part::Feature,0,8,18,-202.2504811817103,544.4239231095337,979.9609600023875,-111.68247924199989,601.3475235138952,1070.7644910486429,90.56800193971043,56.92360040436154,90.80353104625533
Part__Feature140,全倾转无人机总体装配模型140,Part::Feature,0,31,183,-266.5446740451554,78.7677829746671,797.7190618754662,-126.28004680368855,569.9326558307799,1051.6290842178787,140.26462724146683,491.1648728561128,253.9100223424125
Part__Feature141,全倾转无人机总体装配模型141,Part::Feature,0,1,8,-193.49448229906054,90.915395160976,869.129377886231,-192.58527528309278,96.84690798810783,875.1285860159497,0.9092070159677519,5.931512827131826,5.9992081297186814
Part__Feature142,全倾转无人机总体装配模型142,Part::Feature,0,64,326,-275.0817393552734,75.111672892036,802.5614737241978,-115.42699561205464,575.2316083735953,1068.6759958574912,159.65474374321875,500.11993548155937,266.11452213329346
Part__Feature143,全倾转无人机总体装配模型143,Part::Feature,0,1,8,-268.6823671502147,120.25005160423171,823.6292690625615,-267.7731601342469,126.18156443136365,829.6284771922805,0.9092070159678087,5.9315128271319395,5.999208129718909
Part__Feature144,全倾转无人机总体装配模型144,Part::Feature,0,1,8,-200.4978054495762,549.8746215584356,987.9417592675285,-199.58859843360838,555.8061343855675,993.9409673972474,0.9092070159678087,5.931512827131883,5.999208129718909
Part__Feature145,全倾转无人机总体装配模型145,Part::Feature,0,2,7,-225.89864840536944,281.63794813477256,904.050636816799,-146.2589645524009,528.1859038613468,1034.9558249099182,79.63968385296855,246.54795572657423,130.90518809311914
Part__Feature146,全倾转无人机总体装配模型146,Part::Feature,0,12,47,-207.49886244401532,278.4592437661579,804.2460129182915,-176.5560211893846,309.31227274327347,831.4282781939228,30.942841254630707,30.85302897711557,27.182265275631266
Part__Feature147,全倾转无人机总体装配模型147,Part::Feature,0,2,9,-211.1667644043502,286.22379580102046,813.5669321812207,-190.93609560667548,296.7554773993066,831.7174527138505,20.230668797674724,10.531681598286127,18.1505205326298
Part__Feature148,全倾转无人机总体装配模型148,Part::Feature,0,2,6,-187.55559906758344,285.6366320213015,811.5249738742243,-181.80441143941772,293.7159905779854,819.7701875774661,5.751187628165724,8.079358556683871,8.245213703241802
Part__Feature149,全倾转无人机总体装配模型149,Part::Feature,0,2,6,-185.60637399567958,156.84568403966003,733.4082238161916,72.1100367485061,294.69470919385765,821.6385623698166,257.7164107441857,137.84902515419762,88.23033855362496
Part__Feature150,全倾转无人机总体装配模型150,Part::Feature,0,1,4,95.77455038510523,158.5843114243102,734.7831813869872,100.15882406820033,160.24815122596908,738.0970944815167,4.384273683095103,1.6638398016588951,3.313913094529539
Part__Feature151,全倾转无人机总体装配模型151,Part::Feature,0,6,17,73.94504730066926,144.0430428553428,726.8806093307597,94.38159765043432,163.90124265847302,744.5799700789652,20.436550349765056,19.85819980313022,17.699360748205436
Part__Feature152,全倾转无人机总体装配模型152,Part::Feature,0,2,8,78.47236824293255,149.05049241121625,726.6114301067623,93.88423182194344,162.94517975596352,738.9830067315656,15.411863579010898,13.894687344747268,12.37157662480331
Part__Feature153,全倾转无人机总体装配模型153,Part::Feature,0,3,25,63.0596839420316,143.3064471733471,723.6185079921693,94.00252519666232,173.08114946740392,750.8007732678008,30.94284125463072,29.774702294056823,27.182265275631494
Part__Feature154,全倾转无人机总体装配模型154,Part::Feature,0,1,6,71.73041363652574,150.026356796544,736.3426492214862,81.03780032415312,162.2357303484872,746.2839018696627,9.307386687627385,12.209373551943202,9.941252648176487
Part__Feature155,全倾转无人机总体装配模型155,Part::Feature,0,16,49,-211.04592456365174,289.0697895950311,808.3553900161479,-187.63784473312157,307.68503817583434,832.3061703225356,23.40807983053017,18.61524858080321,23.950780306387742
Part__Feature156,全倾转无人机总体装配模型156,Part::Feature,0,3,6,-201.87149721423884,302.48602649788165,810.2769144322743,-189.88358846484044,310.07060614561874,822.1990624214261,11.9879087493984,7.584579647737087,11.922147989151767
Part__Feature157,全倾转无人机总体装配模型157,Part::Feature,0,3,8,38.38454834087708,154.6291324429956,731.4436529704599,74.59304141882114,183.7801658789855,756.1130172709987,36.20849307794406,29.151033435989916,24.66936430053886
Part__Feature158,全倾转无人机总体装配模型158,Part::Feature,0,3,8,-188.089378665974,267.7602273545482,798.9337689150084,-151.88088558802997,296.911260790538,823.6031332155472,36.20849307794404,29.151033435989802,24.66936430053886
Part__Feature159,全倾转无人机总体装配模型159,Part::Feature,0,10,43,-211.16682918386928,278.45924376880873,292.4755733665967,-176.5560211897069,308.9705757750667,319.94741004942614,34.61080799416237,30.511332006257987,27.471836682829462
Part__Feature160,全倾转无人机总体装配模型160,Part::Feature,0,1,6,-192.25438372550974,292.9666306164908,302.0441676866922,-185.12497764592726,300.0375959560739,315.2365509654959,7.1294060795824805,7.070965339583097,13.192383278803675
Part__Feature161,全倾转无人机总体装配模型161,Part::Feature,0,1,6,-196.27961897002143,285.9211697427325,297.98305537966513,-187.35307075693464,290.70397270996256,312.4715581734002,8.92654821308679,4.7828029672300545,14.488502793735051
Part__Feature162,全倾转无人机总体装配模型162,Part::Feature,0,2,6,-185.6063739959922,156.84568403982675,302.5548605980302,72.11003674843336,294.6947091965963,390.7851991464322,257.71641074442556,137.84902515676956,88.23033854840202
Part__Feature163,全倾转无人机总体装配模型163,Part::Feature,0,4,15,74.21326803782596,145.9515325670984,381.9125232725801,95.77455038508316,164.87675390814246,398.5799700786325,21.561282347257205,18.92522134104405,16.667446806052453
Part__Feature164,全倾转无人机总体装配模型164,Part::Feature,0,3,10,73.94504730065236,144.04304285489096,379.6134528833687,94.38159765045728,162.54133947623023,395.59597324162155,20.436550349804918,18.49829662133928,15.982520358252827
Part__Feature165,全倾转无人机总体装配模型165,Part::Feature,0,7,39,63.059683942004995,143.30644717315622,373.392649694519,94.0025251966223,173.08114946732618,400.57491496983766,30.942841254617306,29.77470229416997,27.182265275318684
Part__Feature166,全倾转无人机总体装配模型166,Part::Feature,0,14,46,-211.045924563943,289.06978959755645,291.88728361378105,-187.6378447334779,307.5005501688108,315.83803295178603,23.408079830465113,18.430760571254325,23.950749338004982
Part__Feature167,全倾转无人机总体装配模型167,Part::Feature,0,3,6,-201.8714972145129,302.486026500508,301.99436054711725,-189.88358846510783,310.0706061485412,313.9165085361657,11.98790874940508,7.584579648033184,11.922147989048426
Part__Feature168,全倾转无人机总体装配模型168,Part::Feature,0,2,6,38.38454834078606,154.62913244314134,368.0804056921092,74.59304141873253,183.78016587934775,392.7497699921468,36.208493077946464,29.151033436206404,24.669364300037614
Part__Feature169,全倾转无人机总体装配模型169,Part::Feature,0,3,10,81.79263434281762,157.02737461659513,393.62483923751773,91.64855546051596,165.2518501346321,400.66207645215763,9.855921117698344,8.224475518036968,7.037237214639902
Part__Feature170,全倾转无人机总体装配模型170,Part::Feature,0,2,6,-188.08937866628366,267.76022735707784,300.5902897523032,-151.88088558833715,296.91126079328427,325.25965405234086,36.208493077946514,29.151033436206433,24.66936430003767
Part__Feature171,全倾转无人机总体装配模型171,Part::Feature,0,48,159,-410.9601776082627,-22.54335241470144,512.0967114798511,-170.92482342701953,42.456647585311025,612.0967114798592,240.03535418124318,65.00000000001246,100.00000000000807
Part__Feature172,全倾转无人机总体装配模型172,Part::Feature,0,6,29,-350.92458683792427,20.745858020797833,512.0967114798508,-170.9248234270195,43.53362082055169,612.0967114798541,179.99976341090476,22.787762799753857,100.0000000000033
全倾转无人机总体装配模型,全倾转无人机总体装配模型173,App::Part,0,1500,9146,-650.7214541289185,-76.59318515026007,-627.9032885200983,794.893725713266,665.3159778239852,1752.0967114777704,1445.6151798421845,741.9091629742453,2379.9999999978686
X_Axis,X-axis,App::Line,0,0,1,-1e+100,0.0,0.0,1e+100,0.0,0.0,2e+100,0.0,0.0
Y_Axis,Y-axis,App::Line,0,0,1,0.0,-1e+100,0.0,0.0,1e+100,0.0,0.0,2e+100,0.0
Z_Axis,Z-axis,App::Line,0,0,1,0.0,0.0,-1e+100,0.0,0.0,1e+100,0.0,0.0,2e+100
XY_Plane,XY-plane,App::Plane,0,1,0,-1e+100,-1e+100,0.0,1e+100,1e+100,0.0,2e+100,2e+100,0.0
XZ_Plane,XZ-plane,App::Plane,0,1,0,-1e+100,0.0,-1e+100,1e+100,0.0,1e+100,2e+100,0.0,2e+100
YZ_Plane,YZ-plane,App::Plane,0,1,0,0.0,-1e+100,-1e+100,0.0,1e+100,1e+100,0.0,2e+100,2e+100
Origin001,Origin001,App::Point,0,0,0,0.0,0.0,0.0,0.0,0.0,0.0,0.0,0.0,0.0
